,data_extract_time,id_leg1,orig_port_code,dest_port_code,depart_date,depart_time,arrive_time,duration_hrs,duration_min,duration_total_min,stops,id_leg2,stops_loc,stops_time,prices_lowfare_USD,prices_lowfareplus_USD,prices_flex_USD,prices_prem_USD,prices_premflex_USD,prices_lowfare_GBP,prices_lowfareplus_GBP,prices_flex_GBP,prices_prem_GBP,prices_premflex_GBP,prices_lowfare_EUR,prices_lowfareplus_EUR,prices_flex_EUR,prices_prem_EUR,prices_premflex_EUR,prices_lowfare_SEK,prices_lowfareplus_SEK,prices_flex_SEK,prices_prem_SEK,prices_premflex_SEK
0,19-05-29 13:24:21,DY7084,LAX,CPH,2019-05-29,19:40,17:05 +1,12.0,25.0,745.0,1,D83226,Oslo,1h 0m,1232.6,1322.6,1298.2,1722.6,1788.2,814.7,864.7,866.6,1106.8,1158.7,925.41,995.41,984.13,1256.37,1315.09,9936.0,10486.0,10568.0,13498.0,14130.0
1,19-05-29 13:24:21,DI7096,LAX,CPH,2019-05-29,19:30,18:15 +1,13.0,45.0,825.0,1,D82908,London,1h 35m,1254.0,1344.0,1406.0,1504.0,1656.0,904.5,954.5,1024.6,1084.5,1204.6,1116.5,1186.5,1252.61,1339.74,1475.85,12001.0,12551.0,13466.0,14404.0,15869.0
2,19-05-29 13:24:21,DY7084,LAX,CPH,2019-05-29,19:40,18:35 +1,13.0,55.0,835.0,1,DY948,Oslo,2h 30m,1232.6,1322.6,1298.2,1722.6,1788.2,814.7,864.7,866.6,1106.8,1158.7,925.41,995.41,984.13,1256.37,1315.09,9936.0,10486.0,10568.0,13498.0,14130.0
3,19-05-29 13:24:21,DY7116,LAX,CPH,2019-05-29,22:00,00:40 +2,17.0,40.0,1060.0,1,D83733,Rome,3h 20m,1185.4,1275.4,1521.0,1815.4,2151.0,946.6,996.6,1211.8,1453.0,1718.2,1023.95,1093.95,1324.48,1473.95,1774.48,11555.0,12105.0,14789.0,17732.0,20966.0
4,19-05-29 13:24:21,DI7096,LAX,CPH,2019-05-29,19:30,23:35 +1,19.0,5.0,1145.0,1,D82914,London,6h 55m,1238.8,1328.8,1406.0,1488.8,1656.0,892.5,942.5,1024.6,1072.5,1204.6,1102.89,1172.89,1252.61,1326.13,1475.85,11855.0,12405.0,13466.0,14258.0,15869.0
0,19-05-29 13:24:41,DI7096,LAX,CPH,2019-05-30,19:30,18:15 +1,13.0,45.0,825.0,1,D82908,London,1h 35m,1269.2,1359.2,1406.0,,,916.5,966.5,1024.6,,,1130.11,1200.11,1252.61,,,12148.0,12698.0,13466.0,,
1,19-05-29 13:24:41,DY7088,LAX,CPH,2019-05-30,15:45,16:40 +1,15.0,55.0,955.0,1,D83209,Stockholm,4h 10m,807.2,897.2,1084.6,1637.2,1714.6,515.1,565.1,693.1,977.8,1039.0,587.17,657.17,788.85,1111.54,1180.83,5851.0,6401.0,7941.0,11251.0,11941.0
2,19-05-29 13:24:41,DY7088,LAX,CPH,2019-05-30,15:45,18:25 +1,17.0,40.0,1060.0,1,D8230,Stockholm,5h 55m,772.5,862.5,1002.2,1602.5,1632.2,487.7,537.7,628.0,950.4,973.9,556.11,626.11,715.08,1080.48,1107.06,5541.0,6091.0,7221.0,10941.0,11221.0
3,19-05-29 13:24:41,,LAX,CPH,2019-05-30,16:35,19:50 +1,18.0,15.0,1095.0,1,,Barcelona,4h 20m,0.0,0.0,0.0,0.0,0.0,0.0,0.0,0.0,0.0,0.0,0.0,0.0,0.0,0.0,0.0,0.0,0.0,0.0,0.0,0.0
4,19-05-29 13:24:41,DI7096,LAX,CPH,2019-05-30,19:30,23:35 +1,19.0,5.0,1145.0,1,D82914,London,6h 55m,1360.4,1450.4,1406.0,,,988.5,1038.5,1024.6,,,1211.78,1281.78,1252.61,,,13027.0,13577.0,13466.0,,
5,19-05-29 13:24:41,DY7088,LAX,CPH,2019-05-30,15:45,20:00 +1,19.0,15.0,1155.0,1,D83213,Stockholm,7h 30m,761.3,851.3,1002.2,1591.3,1632.2,478.9,528.9,628.0,941.6,973.9,546.07,616.07,715.08,1070.44,1107.06,5441.0,5991.0,7221.0,10841.0,11221.0
0,19-05-29 13:24:59,DY7092,LAX,CPH,2019-05-31,16:45,12:25 +1,10.0,40.0,640.0,0,,,,,,1004.9,,,,,829.6,,,,,940.12,,,,,10117.0,,
0,19-05-29 13:25:20,DI7096,LAX,CPH,2019-06-01,19:30,18:15 +1,13.0,45.0,825.0,1,D82908,London,1h 35m,1085.7,1175.7,1375.7,,,809.5,859.5,1014.5,,,935.22,1005.22,1226.05,,,10051.0,10601.0,13181.0,,
1,19-05-29 13:25:20,DY7088,LAX,CPH,2019-06-01,18:00,17:40 +1,14.0,40.0,880.0,1,D83209,Stockholm,2h 55m,873.7,963.7,1084.6,1613.7,1714.6,548.4,598.4,693.1,959.3,1039.0,624.94,694.94,788.85,1090.51,1180.83,6241.0,6791.0,7941.0,11041.0,11941.0
2,19-05-29 13:25:20,DY7088,LAX,CPH,2019-06-01,18:00,18:40 +1,15.0,40.0,940.0,1,D83213,Stockholm,3h 55m,964.4,1054.4,1118.2,1704.4,1748.2,620.1,670.1,719.6,1031.0,1065.5,706.19,776.19,818.96,1171.76,1210.94,7051.0,7601.0,8241.0,11851.0,12241.0
3,19-05-29 13:25:20,,LAX,CPH,2019-06-01,18:25,19:50 +1,16.0,25.0,985.0,1,,Barcelona,2h 30m,0.0,0.0,0.0,0.0,0.0,0.0,0.0,0.0,0.0,0.0,0.0,0.0,0.0,0.0,0.0,0.0,0.0,0.0,0.0,0.0
4,19-05-29 13:25:20,DY7088,LAX,CPH,2019-06-01,18:00,19:40 +1,16.0,40.0,1000.0,1,D83215,Stockholm,4h 55m,862.5,952.5,1002.2,1602.5,1632.2,539.5,589.5,628.0,950.4,973.9,614.91,684.91,715.08,1080.48,1107.06,6141.0,6691.0,7221.0,10941.0,11221.0
5,19-05-29 13:25:20,DI7096,LAX,CPH,2019-06-01,19:30,21:45 +1,17.0,15.0,1035.0,1,D82910,London,5h 5m,1085.7,1175.7,1375.7,,,809.5,859.5,1014.5,,,935.22,1005.22,1226.05,,,10051.0,10601.0,13181.0,,
6,19-05-29 13:25:20,DY7116,LAX,CPH,2019-06-01,22:00,00:40 +2,17.0,40.0,1060.0,1,D83733,Rome,3h 20m,1142.5,1232.5,1502.5,1912.5,1912.5,906.2,956.2,1195.7,1525.3,1525.3,986.47,1056.47,1316.47,1586.47,1586.47,11064.0,11614.0,14595.0,18614.0,18614.0
7,19-05-29 13:25:20,DI7096,LAX,CPH,2019-06-01,19:30,23:35 +1,19.0,5.0,1145.0,1,D82914,London,6h 55m,896.0,986.0,1186.0,,,659.6,709.6,864.6,,,765.34,835.34,1056.17,,,8222.0,8772.0,11352.0,,
8,19-05-29 13:25:20,DY7088,LAX,CPH,2019-06-01,18:00,23:00 +1,20.0,0.0,1200.0,1,D83217,Stockholm,8h 15m,840.1,930.1,1002.2,1580.1,1632.2,521.8,571.8,628.0,932.7,973.9,594.84,664.84,715.08,1060.41,1107.06,5941.0,6491.0,7221.0,10741.0,11221.0
0,19-05-29 13:25:40,DY7084,LAX,CPH,2019-06-02,20:30,18:35 +1,13.0,5.0,785.0,1,DY948,Oslo,1h 40m,843.9,933.9,1039.0,1293.9,1369.0,543.5,593.5,678.1,816.7,876.0,617.94,687.94,770.61,927.55,994.81,6627.0,7177.0,8270.0,9959.0,10683.0
1,19-05-29 13:25:40,DI7096,LAX,CPH,2019-06-02,19:30,18:15 +1,13.0,45.0,825.0,1,D82908,London,1h 35m,1162.9,1252.9,1452.9,1922.9,1922.9,870.6,920.6,1075.6,1415.6,1415.6,1004.43,1074.43,1295.26,1714.94,1714.94,10795.0,11345.0,13925.0,18442.0,18442.0
2,19-05-29 13:25:40,DY7084,LAX,CPH,2019-06-02,20:30,19:50 +1,14.0,20.0,860.0,1,D83240,Oslo,2h 55m,901.1,991.1,1039.0,1351.1,1369.0,588.7,638.7,678.1,861.9,876.0,669.19,739.19,770.61,978.8,994.81,7178.0,7728.0,8270.0,10510.0,10683.0
3,19-05-29 13:25:40,DY7084,LAX,CPH,2019-06-02,20:30,23:10 +1,17.0,40.0,1060.0,1,D83242,Oslo,6h 15m,837.9,927.9,1039.0,1287.9,1369.0,538.8,588.8,678.1,812.0,876.0,612.61,682.61,770.61,922.22,994.81,6569.0,7119.0,8270.0,9901.0,10683.0
4,19-05-29 13:25:40,,LAX,CPH,2019-06-02,19:30,23:35 +1,19.0,5.0,1145.0,1,,London,6h 55m,0.0,0.0,0.0,0.0,0.0,0.0,0.0,0.0,0.0,0.0,0.0,0.0,0.0,0.0,0.0,0.0,0.0,0.0,0.0,0.0
0,19-05-29 13:26:02,DY7084,LAX,ARN,2019-05-29,19:40,17:30 +1,12.0,50.0,770.0,1,DY4116,Oslo,1h 35m,1208.8,1298.8,1250.5,1698.8,1740.5,795.9,845.9,828.9,1088.0,1121.0,904.06,974.06,941.43,1235.02,1272.39,9531.0,10081.0,9881.0,13093.0,13443.0
1,19-05-29 13:26:02,DY7084,LAX,ARN,2019-05-29,19:40,19:00 +1,14.0,20.0,860.0,1,DY822,Oslo,3h 5m,1173.0,1263.0,1250.5,1663.0,1740.5,767.6,817.6,828.9,1059.7,1121.0,872.03,942.03,941.43,1202.99,1272.39,9231.0,9781.0,9881.0,12793.0,13443.0
2,19-05-29 13:26:02,DI7096,LAX,ARN,2019-05-29,19:30,20:20 +1,15.0,50.0,950.0,1,D82856,London,3h 10m,1285.5,1375.5,1326.3,1535.5,1576.3,929.6,979.6,961.8,1109.6,1141.8,1144.75,1214.75,1181.26,1367.99,1404.5,12139.0,12689.0,12489.0,14542.0,14892.0
3,19-05-29 13:26:02,DY7084,LAX,ARN,2019-05-29,19:40,20:30 +1,15.0,50.0,950.0,1,DY4122,Oslo,4h 35m,1173.0,1263.0,1250.5,1663.0,1740.5,767.6,817.6,828.9,1059.7,1121.0,872.03,942.03,941.43,1202.99,1272.39,9231.0,9781.0,9881.0,12793.0,13443.0
4,19-05-29 13:26:02,DY7098,LAX,ARN,2019-05-29,22:15,00:40 +2,17.0,25.0,1045.0,1,DY4314,Paris,4h 15m,1289.9,1379.9,1359.3,,,1027.5,1077.5,1082.4,,,1023.09,1093.09,1085.23,,,12369.0,12919.0,12969.0,,
5,19-05-29 13:26:02,DI7096,LAX,ARN,2019-05-29,19:30,23:15 +1,18.0,45.0,1125.0,1,D82858,London,6h 5m,1256.3,1346.3,1326.3,1506.3,1576.3,906.5,956.5,961.8,1086.5,1141.8,1118.59,1188.59,1181.26,1341.83,1404.5,11889.0,12439.0,12489.0,14292.0,14892.0
0,19-05-29 13:26:21,DY7088,LAX,ARN,2019-05-30,15:45,11:20 +1,10.0,35.0,635.0,0,,,,659.9,749.9,859.9,,1489.9,405.3,455.3,522.1,,868.0,460.55,530.55,592.94,,984.92,4599.0,5149.0,5999.0,,9999.0
1,19-05-29 13:26:21,DI7096,LAX,ARN,2019-05-30,19:30,20:20 +1,15.0,50.0,950.0,1,D82856,London,3h 10m,1372.9,1462.9,1489.4,,,998.7,1048.7,1090.7,,,1223.0,1293.0,1327.31,,,12889.0,13439.0,14539.0,,
2,19-05-29 13:26:21,DI7096,LAX,ARN,2019-05-30,19:30,23:15 +1,18.0,45.0,1125.0,1,D82858,London,6h 5m,1431.1,1521.1,1326.3,,,1044.6,1094.6,961.8,,,1275.1,1345.1,1181.26,,,13389.0,13939.0,12489.0,,
3,19-05-29 13:26:21,DY7098,LAX,ARN,2019-05-30,20:00,00:40 +2,19.0,40.0,1180.0,1,DY4314,Paris,6h 30m,1220.5,1310.5,1359.3,1510.5,1649.3,972.7,1022.7,1082.4,1205.2,1314.9,960.96,1030.96,1085.23,1270.96,1395.23,11769.0,12319.0,12969.0,14605.0,15805.0
4,19-05-29 13:26:21,DY7108,LAX,ARN,2019-05-30,16:35,22:55 +1,21.0,20.0,1280.0,1,D85522,Barcelona,5h 0m,1555.9,1645.9,1657.8,1815.9,1917.8,1241.5,1291.5,1322.1,1450.3,1530.9,1239.7,1309.7,1330.98,1439.7,1530.98,14929.0,15479.0,15829.0,17475.0,18375.0
5,19-05-29 13:26:21,DY7108,LAX,ARN,2019-05-30,16:35,23:45 +1,22.0,10.0,1330.0,1,DY4254,Barcelona,7h 40m,1555.9,1645.9,1657.8,1815.9,1917.8,1241.5,1291.5,1322.1,1450.3,1530.9,1239.7,1309.7,1330.98,1439.7,1530.98,14929.0,15479.0,15829.0,17475.0,18375.0
0,19-05-29 13:26:40,,LAX,ARN,2019-05-31,19:30,20:20 +1,15.0,50.0,950.0,1,,London,3h 10m,0.0,0.0,0.0,,,0.0,0.0,0.0,,,0.0,0.0,0.0,,,0.0,0.0,0.0,,
1,19-05-29 13:26:40,,LAX,ARN,2019-05-31,20:00,21:05 +1,16.0,5.0,965.0,1,,Barcelona,1h 35m,0.0,0.0,0.0,,,0.0,0.0,0.0,,,0.0,0.0,0.0,,,0.0,0.0,0.0,,
0,19-05-29 13:26:59,DY7088,LAX,ARN,2019-06-01,18:00,13:35 +1,10.0,35.0,635.0,0,,,,749.9,839.9,859.9,,1489.9,457.1,507.1,522.1,,868.0,519.35,589.35,592.94,,984.92,5199.0,5749.0,5999.0,,9999.0
1,19-05-29 13:26:59,,LAX,ARN,2019-06-01,19:30,19:45 +1,15.0,15.0,915.0,1,,London,2h 35m,0.0,0.0,0.0,0.0,0.0,0.0,0.0,0.0,0.0,0.0,0.0,0.0,0.0,0.0,0.0,0.0,0.0,0.0,0.0,0.0
2,19-05-29 13:26:59,,LAX,ARN,2019-06-01,18:25,20:50 +1,17.0,25.0,1045.0,1,,Barcelona,2h 55m,0.0,0.0,0.0,0.0,0.0,0.0,0.0,0.0,0.0,0.0,0.0,0.0,0.0,0.0,0.0,0.0,0.0,0.0,0.0,0.0
3,19-05-29 13:26:59,,LAX,ARN,2019-06-01,19:30,23:50 +1,19.0,20.0,1160.0,1,,London,6h 40m,0.0,0.0,0.0,0.0,0.0,0.0,0.0,0.0,0.0,0.0,0.0,0.0,0.0,0.0,0.0,0.0,0.0,0.0,0.0,0.0
4,19-05-29 13:26:59,,LAX,ARN,2019-06-01,20:00,00:40 +2,19.0,40.0,1180.0,1,,Paris,6h 30m,0.0,0.0,0.0,0.0,0.0,0.0,0.0,0.0,0.0,0.0,0.0,0.0,0.0,0.0,0.0,0.0,0.0,0.0,0.0,0.0
0,19-05-29 13:27:18,DY7084,LAX,ARN,2019-06-02,20:30,19:00 +1,13.0,30.0,810.0,1,DY822,Oslo,2h 15m,913.0,1003.0,1110.5,1363.0,1440.5,598.1,648.1,734.7,871.3,932.6,679.86,749.86,834.67,989.47,1058.87,7163.0,7713.0,8732.0,10495.0,11145.0
1,19-05-29 13:27:18,DY7084,LAX,ARN,2019-06-02,20:30,20:30 +1,15.0,0.0,900.0,1,DY4122,Oslo,3h 45m,901.1,991.1,1056.9,1351.1,1386.9,588.7,638.7,692.3,861.9,890.2,669.19,739.19,786.63,978.8,1010.83,7063.0,7613.0,8332.0,10395.0,10745.0
2,19-05-29 13:27:18,DI7096,LAX,ARN,2019-06-02,19:30,20:20 +1,15.0,50.0,950.0,1,D82856,London,3h 10m,979.4,1069.4,1269.4,1739.4,1739.4,725.7,775.7,930.7,1270.7,1270.7,840.04,910.04,1130.87,1550.55,1550.55,8645.0,9195.0,12425.0,16292.0,16942.0
3,19-05-29 13:27:18,DY7110,LAX,ARN,2019-06-02,20:00,21:05 +1,16.0,5.0,965.0,1,D85552,Barcelona,1h 35m,1289.0,1379.0,1709.0,1779.0,1779.0,1023.7,1073.7,1360.9,1417.2,1417.2,1093.25,1163.25,1393.25,1443.25,1443.25,12042.0,12592.0,16156.0,16842.0,16842.0
4,19-05-29 13:27:18,,LAX,ARN,2019-06-02,22:15,00:40 +2,17.0,25.0,1045.0,1,,Paris,4h 15m,0.0,0.0,0.0,0.0,0.0,0.0,0.0,0.0,0.0,0.0,0.0,0.0,0.0,0.0,0.0,0.0,0.0,0.0,0.0,0.0
5,19-05-29 13:27:18,DI7096,LAX,ARN,2019-06-02,19:30,23:15 +1,18.0,45.0,1125.0,1,D82858,London,6h 0m,839.5,929.5,1211.1,1599.5,1681.1,615.2,665.2,884.6,1160.2,1224.6,714.81,784.81,1078.66,1425.32,1498.34,7445.0,7995.0,11275.0,15092.0,15792.0
6,19-05-29 13:27:18,DY7110,LAX,ARN,2019-06-02,20:00,23:45 +1,18.0,45.0,1125.0,1,DY4254,Barcelona,4h 15m,1141.8,1231.8,1561.8,1631.8,1631.8,907.3,957.3,1244.5,1300.8,1300.8,961.4,1031.4,1261.4,1311.4,1311.4,10742.0,11292.0,14856.0,15542.0,15542.0
0,19-05-29 13:27:37,DY7098,LAX,CDG,2019-05-29,22:15,17:45 +1,10.0,30.0,630.0,0,,,,,,1089.9,,,,,875.4,,,,,849.9,,,,,10676.0,,
1,19-05-29 13:27:37,DY7084,LAX,CDG,2019-05-29,19:40,20:00 +1,15.0,20.0,920.0,1,DY1498,Oslo,2h 40m,,,1524.8,,2014.8,,,1045.7,,1337.8,,,1187.08,,1518.04,,,12752.0,,16314.0
0,19-05-29 13:27:55,DY7098,LAX,CDG,2019-05-30,20:00,15:30 +1,10.0,30.0,630.0,0,,,,,,1089.9,,1379.9,,,875.4,,1107.9,,,849.9,,1159.9,,,10676.0,,13512.0
1,19-05-29 13:27:55,DY7088,LAX,CDG,2019-05-30,15:45,21:20 +1,20.0,35.0,1235.0,1,DY4313,Stockholm,7h 15m,852.1,942.1,1120.3,1682.1,1750.3,550.7,600.7,721.3,1013.4,1067.2,627.42,697.42,820.88,1151.79,1212.86,6234.0,6784.0,8231.0,11634.0,12231.0
0,19-05-29 13:28:14,DY7100,LAX,CDG,2019-05-31,14:20,09:50 +1,10.0,30.0,630.0,0,,,,639.9,729.9,1089.9,,1379.9,514.6,564.6,875.4,,1107.9,499.9,569.9,849.9,,1159.9,6275.0,6825.0,10676.0,,13512.0
1,19-05-29 13:28:14,DY7098,LAX,CDG,2019-05-31,22:15,17:45 +1,10.0,30.0,630.0,0,,,,709.9,799.9,1089.9,,1379.9,570.7,620.7,875.4,,1107.9,549.9,619.9,849.9,,1159.9,6960.0,7510.0,10676.0,,13512.0
0,19-05-29 13:28:32,,LAX,CDG,2019-06-01,20:00,15:30 +1,10.0,30.0,630.0,0,,,,0.0,0.0,0.0,0.0,0.0,0.0,0.0,0.0,0.0,0.0,0.0,0.0,0.0,0.0,0.0,0.0,0.0,0.0,0.0,0.0
1,19-05-29 13:28:32,,LAX,CDG,2019-06-01,18:00,21:20 +1,18.0,20.0,1100.0,1,,Stockholm,5h 0m,0.0,0.0,0.0,0.0,0.0,0.0,0.0,0.0,0.0,0.0,0.0,0.0,0.0,0.0,0.0,0.0,0.0,0.0,0.0,0.0
0,19-05-29 13:28:51,,LAX,CDG,2019-06-02,22:15,17:45 +1,10.0,30.0,630.0,0,,,,0.0,0.0,0.0,0.0,0.0,0.0,0.0,0.0,0.0,0.0,0.0,0.0,0.0,0.0,0.0,0.0,0.0,0.0,0.0,0.0
1,19-05-29 13:28:51,,LAX,CDG,2019-06-02,20:30,20:00 +1,14.0,30.0,870.0,1,,Oslo,1h 50m,0.0,0.0,0.0,0.0,0.0,0.0,0.0,0.0,0.0,0.0,0.0,0.0,0.0,0.0,0.0,0.0,0.0,0.0,0.0,0.0
0,19-05-29 13:29:11,DI7096,LAX,LGW,2019-05-29,19:30,13:50 +1,10.0,20.0,620.0,0,,,,,,1099.9,,1349.9,,,789.9,,969.9,,,982.99,,1206.23,,,10593.0,,12996.0
1,19-05-29 13:29:11,DY7744,LAX,LGW,2019-05-29,20:00,19:05 +1,15.0,5.0,905.0,1,D86054,Madrid,2h 0m,1335.3,1425.3,1438.1,,,1061.2,1111.2,1141.2,,,1136.65,1206.65,1228.73,,,12952.0,13502.0,13943.0,,
2,19-05-29 13:29:11,DY7084,LAX,LGW,2019-05-29,19:40,20:05 +1,16.0,25.0,985.0,1,D82807,Oslo,3h 50m,,,1423.5,,1913.5,,,965.6,,1257.7,,,1096.34,,1427.3,,,11775.0,,15337.0
0,19-05-29 13:29:30,DI7096,LAX,LGW,2019-05-30,19:30,13:50 +1,10.0,20.0,620.0,0,,,,,,1099.9,,,,,789.9,,,,,982.99,,,,,10593.0,,
1,19-05-29 13:29:30,DY7088,LAX,LGW,2019-05-30,15:45,15:45 +1,16.0,0.0,960.0,1,D82853,Stockholm,2h 50m,1207.9,1297.9,1407.9,2037.9,2037.9,831.9,881.9,948.7,1294.6,1294.6,946.09,1016.09,1078.48,1470.46,1470.46,9284.0,9834.0,10684.0,14684.0,14684.0
2,19-05-29 13:29:30,,LAX,LGW,2019-05-30,16:35,18:40 +1,18.0,5.0,1085.0,1,,Barcelona,4h 55m,0.0,0.0,0.0,0.0,0.0,0.0,0.0,0.0,0.0,0.0,0.0,0.0,0.0,0.0,0.0,0.0,0.0,0.0,0.0,0.0
3,19-05-29 13:29:30,DY7088,LAX,LGW,2019-05-30,15:45,19:15 +1,19.0,30.0,1170.0,1,D82857,Stockholm,6h 20m,1207.9,1297.9,1407.9,2037.9,2037.9,831.9,881.9,948.7,1294.6,1294.6,946.09,1016.09,1078.48,1470.46,1470.46,9284.0,9834.0,10684.0,14684.0,14684.0
0,19-05-29 13:29:48,,LAX,LGW,2019-05-31,19:30,13:50 +1,10.0,20.0,620.0,0,,,,0.0,0.0,0.0,,,0.0,0.0,0.0,,,0.0,0.0,0.0,,,0.0,0.0,0.0,,
1,19-05-29 13:29:48,DY7092,LAX,LGW,2019-05-31,16:45,14:25 +1,13.0,40.0,820.0,1,D82903,Copenhagen,1h 5m,,,1343.7,,,,,1090.8,,,,,1238.26,,,,,13302.0,,
2,19-05-29 13:29:48,,LAX,LGW,2019-05-31,20:00,18:40 +1,14.0,40.0,880.0,1,,Barcelona,1h 30m,0.0,0.0,0.0,,,0.0,0.0,0.0,,,0.0,0.0,0.0,,,0.0,0.0,0.0,,
3,19-05-29 13:29:48,DY7744,LAX,LGW,2019-05-31,20:00,19:40 +1,15.0,40.0,940.0,1,D86054,Madrid,2h 35m,,,1809.7,,,,,1412.1,,,,,1561.54,,,,,17525.0,,
0,19-05-29 13:30:07,DI7096,LAX,LGW,2019-06-01,19:30,13:50 +1,10.0,20.0,620.0,0,,,,659.9,749.9,879.9,,,474.9,524.9,629.9,,,553.89,623.89,786.55,,,5975.0,6525.0,8479.0,,
1,19-05-29 13:30:07,,LAX,LGW,2019-06-01,18:00,20:00 +1,18.0,0.0,1080.0,1,,Stockholm,4h 50m,0.0,0.0,0.0,0.0,0.0,0.0,0.0,0.0,0.0,0.0,0.0,0.0,0.0,0.0,0.0,0.0,0.0,0.0,0.0,0.0
0,19-05-29 13:30:25,DI7096,LAX,LGW,2019-06-02,19:30,13:50 +1,10.0,20.0,620.0,0,,,,589.9,679.9,879.9,,1349.9,424.9,474.9,629.9,,969.9,495.72,565.72,786.55,,1206.23,5349.0,5899.0,8479.0,,12996.0
1,19-05-29 13:30:25,,LAX,LGW,2019-06-02,20:00,18:40 +1,14.0,40.0,880.0,1,,Barcelona,1h 30m,0.0,0.0,0.0,0.0,0.0,0.0,0.0,0.0,0.0,0.0,0.0,0.0,0.0,0.0,0.0,0.0,0.0,0.0,0.0,0.0
2,19-05-29 13:30:25,,LAX,LGW,2019-06-02,20:00,19:20 +1,15.0,20.0,920.0,1,,Madrid,2h 15m,0.0,0.0,0.0,0.0,0.0,0.0,0.0,0.0,0.0,0.0,0.0,0.0,0.0,0.0,0.0,0.0,0.0,0.0,0.0,0.0
3,19-05-29 13:30:25,DY7084,LAX,LGW,2019-06-02,20:30,20:05 +1,15.0,35.0,935.0,1,D82807,Oslo,3h 0m,952.5,1042.5,1155.9,1402.5,1485.9,629.3,679.3,770.6,902.5,968.5,715.2,785.2,875.34,1024.81,1099.54,7674.0,8224.0,9397.0,11006.0,11810.0
0,19-05-29 13:30:44,DI7096,LAX,BCN,2019-05-29,19:30,22:20 +1,17.0,50.0,1070.0,1,D85503,London,5h 30m,,,1469.4,,1719.4,,,1068.5,,1248.5,,,1307.66,,1530.9,,,14047.0,,16450.0
1,19-05-29 13:30:44,DY7084,LAX,BCN,2019-05-29,19:40,23:20 +1,18.0,40.0,1120.0,1,D85523,Oslo,5h 5m,1220.8,1290.8,1339.9,1710.8,1829.9,805.4,855.4,899.5,1097.5,1191.6,914.84,969.84,1021.5,1245.8,1352.46,9822.0,10372.0,10970.0,13384.0,14532.0
0,19-05-29 13:31:04,DY7108,LAX,BCN,2019-05-30,16:35,12:30 +1,10.0,55.0,655.0,0,,,,,,1259.9,,1519.9,,,1013.5,,1222.3,,,979.9,,1179.9,,,12360.0,,14906.0
1,19-05-29 13:31:04,DI7096,LAX,BCN,2019-05-30,19:30,22:20 +1,17.0,50.0,1070.0,1,D85503,London,5h 30m,,,1572.2,,,,,1148.5,,,,,1399.74,,,,,15038.0,,
2,19-05-29 13:31:04,,LAX,BCN,2019-05-30,15:45,19:15 +1,18.0,30.0,1110.0,1,,Stockholm,4h 30m,0.0,0.0,0.0,0.0,0.0,0.0,0.0,0.0,0.0,0.0,0.0,0.0,0.0,0.0,0.0,0.0,0.0,0.0,0.0,0.0
0,19-05-29 13:31:23,,LAX,BCN,2019-05-31,20:00,15:55 +1,10.0,55.0,655.0,0,,,,0.0,0.0,0.0,,,0.0,0.0,0.0,,,0.0,0.0,0.0,,,0.0,0.0,0.0,,
1,19-05-29 13:31:23,,LAX,BCN,2019-05-31,19:30,22:20 +1,17.0,50.0,1070.0,1,,London,5h 30m,0.0,0.0,0.0,,,0.0,0.0,0.0,,,0.0,0.0,0.0,,,0.0,0.0,0.0,,
2,19-05-29 13:31:23,DY7092,LAX,BCN,2019-05-31,16:45,23:25 +1,21.0,40.0,1300.0,1,D85575,Copenhagen,8h 10m,1114.9,1184.9,1492.5,,,910.0,960.0,1208.4,,,1033.32,1088.32,1371.53,,,11096.0,11646.0,14736.0,,
0,19-05-29 13:31:41,DY7108,LAX,BCN,2019-06-01,18:25,14:20 +1,10.0,55.0,655.0,0,,,,649.9,719.9,999.9,,1199.9,523.7,573.7,804.8,,965.4,539.9,594.9,779.9,,929.9,6386.0,6936.0,9814.0,,11773.0
0,19-05-29 13:32:01,DY7110,LAX,BCN,2019-06-02,20:00,15:55 +1,10.0,55.0,655.0,0,,,,709.9,779.9,1129.9,,1199.9,571.9,621.9,909.1,,965.4,579.9,634.9,879.9,,929.9,6973.0,7523.0,11087.0,,11773.0
1,19-05-29 13:32:01,DI7096,LAX,BCN,2019-06-02,19:30,22:20 +1,17.0,50.0,1070.0,1,D85503,London,5h 30m,663.8,733.8,1185.1,1423.8,1655.1,472.8,522.8,857.8,1017.8,1197.8,555.67,610.67,1053.67,1266.18,1473.35,5954.0,6504.0,11314.0,13601.0,15831.0
0,19-05-29 13:32:20,DY7068,OAK,CPH,2019-05-29,20:30,18:25 +1,12.0,55.0,775.0,1,D8230,Stockholm,1h 40m,829.6,919.6,1084.6,1659.6,1714.6,533.5,583.5,693.7,996.2,1039.6,605.17,675.17,786.77,1129.54,1178.75,6051.0,6601.0,7941.0,11451.0,11941.0
0,19-05-29 13:33:19,DY7070,OAK,CPH,2019-06-01,20:15,15:35 +1,10.0,20.0,620.0,0,,,,,,,,1194.9,,,,,915.5,,,,,1037.4,,,,,11164.0
1,19-05-29 13:33:19,DY7064,OAK,CPH,2019-06-01,19:15,16:30 +1,12.0,15.0,735.0,1,D83224,Oslo,1h 25m,,,,1674.9,1698.8,,,,1069.2,1088.0,,,,1213.67,1235.02,,,,13038.0,13268.0
2,19-05-29 13:33:19,DY7064,OAK,CPH,2019-06-01,19:15,19:55 +1,15.0,40.0,940.0,1,D83240,Oslo,4h 50m,,,,1674.9,1698.8,,,,1069.2,1088.0,,,,1213.67,1235.02,,,,13038.0,13268.0
3,19-05-29 13:33:19,DY7064,OAK,CPH,2019-06-01,19:15,21:25 +1,17.0,10.0,1030.0,1,D83226,Oslo,6h 20m,,,,1593.9,1669.0,,,,1005.1,1064.4,,,,1141.07,1208.33,,,,12257.0,12981.0
4,19-05-29 13:33:19,DY7064,OAK,CPH,2019-06-01,19:15,23:20 +1,19.0,5.0,1145.0,1,D83246,Oslo,8h 15m,,,,1587.9,1669.0,,,,1000.4,1064.4,,,,1135.74,1208.33,,,,12199.0,12981.0
5,19-05-29 13:33:19,DY7078,OAK,CPH,2019-06-01,18:15,00:40 +2,21.0,25.0,1285.0,1,D83733,Rome,7h 15m,1028.8,1118.8,1578.8,2318.8,2318.8,813.5,863.5,1255.7,1850.5,1850.5,884.8,954.8,1384.8,1924.8,1924.8,9933.0,10483.0,15327.0,22581.0,22581.0
0,19-05-29 13:33:38,DY7076,OAK,CPH,2019-06-02,16:00,19:50 +1,18.0,50.0,1130.0,1,D85574,Barcelona,5h 0m,1032.0,1122.0,1562.0,2012.0,2012.0,817.2,867.2,1242.8,1604.0,1604.0,887.97,957.97,1277.97,1627.97,1627.97,9963.0,10513.0,15153.0,19559.0,19559.0
0,19-05-29 13:33:57,DY7068,OAK,ARN,2019-05-29,20:30,15:35 +1,10.0,5.0,605.0,0,,,,659.9,749.9,859.9,,1489.9,405.9,455.9,522.7,,868.6,458.47,528.47,590.86,,982.84,4599.0,5149.0,5999.0,,9999.0
0,19-05-29 13:34:17,DY7076,OAK,ARN,2019-05-30,20:05,22:55 +1,17.0,50.0,1070.0,1,D85522,Barcelona,1h 35m,1425.9,1515.9,1527.8,,,1136.8,1186.8,1217.4,,,1139.7,1209.7,1230.98,,,13653.0,14203.0,14553.0,,
1,19-05-29 13:34:17,DY7076,OAK,ARN,2019-05-30,20:05,23:45 +1,18.0,40.0,1120.0,1,DY4254,Barcelona,4h 15m,1425.9,1515.9,1527.8,,,1136.8,1186.8,1217.4,,,1139.7,1209.7,1230.98,,,13653.0,14203.0,14553.0,,
2,19-05-29 13:34:17,DY7080,OAK,ARN,2019-05-30,20:20,00:40 +2,19.0,20.0,1160.0,1,DY4314,Paris,6h 25m,1090.5,1180.5,1229.3,,,868.5,918.5,978.2,,,860.96,930.96,985.23,,,10498.0,11048.0,11698.0,,
3,19-05-29 13:34:17,DY7078,OAK,ARN,2019-05-30,16:30,00:05 +2,22.0,35.0,1355.0,1,DY4358,Rome,8h 0m,1363.0,1453.0,1397.3,,,1085.2,1135.2,1112.3,,,1191.56,1261.56,1222.28,,,12973.0,13523.0,13273.0,,
0,19-05-29 13:34:35,DY7068,OAK,ARN,2019-05-31,17:00,12:05 +1,10.0,5.0,605.0,0,,,,659.9,749.9,859.9,,1489.9,405.9,455.9,522.7,,868.6,458.47,528.47,590.86,,982.84,4599.0,5149.0,5999.0,,9999.0
0,19-05-29 13:34:54,DY7070,OAK,ARN,2019-06-01,20:15,18:00 +1,12.0,45.0,765.0,1,D83214,Copenhagen,1h 15m,,,,1494.2,1547.5,,,,1145.5,1187.6,,,,1300.13,1347.85,,,,13784.0,14264.0
1,19-05-29 13:34:54,DY7064,OAK,ARN,2019-06-01,19:15,18:00 +1,13.0,45.0,825.0,1,DY820,Oslo,3h 5m,,,,1746.5,1788.2,,,,1125.7,1158.7,,,,1277.73,1315.09,,,,13493.0,13943.0
2,19-05-29 13:34:54,DY7064,OAK,ARN,2019-06-01,19:15,20:00 +1,15.0,45.0,945.0,1,DY4120,Oslo,5h 5m,,,,1639.2,1686.9,,,,1040.9,1078.6,,,,1181.64,1224.35,,,,12593.0,13043.0
3,19-05-29 13:34:54,DY7070,OAK,ARN,2019-06-01,20:15,21:20 +1,16.0,5.0,965.0,1,D83216,Copenhagen,4h 35m,,,,1494.2,1516.1,,,,1145.5,1162.8,,,,1300.13,1319.78,,,,13784.0,13984.0
4,19-05-29 13:34:54,DY7064,OAK,ARN,2019-06-01,19:15,21:00 +1,16.0,45.0,1005.0,1,DY826,Oslo,6h 5m,,,,1639.2,1686.9,,,,1040.9,1078.6,,,,1181.64,1224.35,,,,12593.0,13043.0
5,19-05-29 13:34:54,DY7064,OAK,ARN,2019-06-01,19:15,23:00 +1,18.0,45.0,1125.0,1,DY4126,Oslo,8h 5m,,,,1591.5,1645.1,,,,1003.2,1045.6,,,,1138.94,1186.98,,,,12173.0,12643.0
6,19-05-29 13:34:54,DY7078,OAK,ARN,2019-06-01,18:15,23:25 +1,20.0,10.0,1210.0,1,DY4358,Rome,5h 20m,847.3,937.3,1397.3,2137.3,2137.3,670.1,720.1,1112.3,1707.1,1707.1,722.28,792.28,1222.28,1762.28,1762.28,7879.0,8429.0,13273.0,20527.0,20527.0
0,19-05-29 13:35:13,DY7080,OAK,ARN,2019-06-02,20:20,00:40 +2,19.0,20.0,1160.0,1,DY4314,Paris,6h 25m,706.8,796.8,1229.3,,,560.2,610.2,978.2,,,562.38,632.38,985.23,,,6693.0,7243.0,11698.0,,
1,19-05-29 13:35:13,DY7076,OAK,ARN,2019-06-02,16:00,21:05 +1,20.0,5.0,1205.0,1,D85552,Barcelona,5h 40m,1049.0,1139.0,1579.0,2029.0,2029.0,830.7,880.7,1256.3,1617.5,1617.5,903.25,973.25,1293.25,1643.25,1643.25,9690.0,10240.0,14880.0,19286.0,19286.0
2,19-05-29 13:35:13,DY7076,OAK,ARN,2019-06-02,16:00,23:45 +1,22.0,45.0,1365.0,1,DY4254,Barcelona,8h 20m,901.8,991.8,1431.8,1881.8,1881.8,714.3,764.3,1139.9,1501.1,1501.1,771.4,841.4,1161.4,1511.4,1511.4,8390.0,8940.0,13580.0,17986.0,17986.0
0,19-05-29 13:35:33,DY7068,OAK,CDG,2019-05-29,20:30,21:20 +1,15.0,50.0,950.0,1,DY4313,Stockholm,3h 0m,920.3,1010.3,1120.3,1750.3,1750.3,605.1,655.1,721.9,1067.8,1067.8,686.41,756.41,818.8,1210.78,1210.78,6831.0,7381.0,8231.0,12231.0,12231.0
0,19-05-29 13:35:52,DY7080,OAK,CDG,2019-05-30,20:20,15:35 +1,10.0,15.0,615.0,0,,,,,,959.9,,,,,771.2,,,,,749.9,,,,,9405.0,,
0,19-05-29 13:36:32,DY7080,OAK,CDG,2019-06-01,17:30,12:45 +1,10.0,15.0,615.0,0,,,,639.9,729.9,1089.9,,,514.6,564.6,875.4,,,499.9,569.9,849.9,,,6275.0,6825.0,10676.0,,
1,19-05-29 13:36:32,DY7064,OAK,CDG,2019-06-01,19:15,20:50 +1,16.0,35.0,995.0,1,DY1498,Oslo,4h 30m,,,,,2014.8,,,,,1337.8,,,,,1518.04,,,,,16314.0
0,19-05-29 13:36:52,DY7080,OAK,CDG,2019-06-02,20:20,15:35 +1,10.0,15.0,615.0,0,,,,529.9,619.9,959.9,,,426.4,476.4,771.2,,,409.9,479.9,749.9,,,5200.0,5750.0,9405.0,,
0,19-05-29 13:37:10,DY7068,OAK,LGW,2019-05-29,20:30,19:15 +1,14.0,45.0,885.0,1,D82857,Stockholm,2h 5m,1207.9,1297.9,1407.9,2037.9,2037.9,832.5,882.5,949.3,1295.2,1295.2,944.01,1014.01,1076.4,1468.38,1468.38,9284.0,9834.0,10684.0,14684.0,14684.0
1,19-05-29 13:37:10,DY7068,OAK,LGW,2019-05-29,20:30,22:35 +1,18.0,5.0,1085.0,1,D82859,Stockholm,5h 25m,918.9,1008.9,1234.5,1748.9,1864.5,604.0,654.0,812.2,1066.7,1158.1,685.12,755.12,921.06,1209.49,1313.04,6784.0,7334.0,9184.0,12184.0,13184.0
0,19-05-29 13:37:29,,OAK,LGW,2019-05-30,20:05,18:40 +1,14.0,35.0,875.0,1,,Barcelona,1h 30m,0.0,0.0,0.0,,,0.0,0.0,0.0,,,0.0,0.0,0.0,,,0.0,0.0,0.0,,
0,19-05-29 13:37:48,DY7068,OAK,LGW,2019-05-31,17:00,22:25 +1,21.0,25.0,1285.0,1,D82859,Stockholm,8h 45m,976.7,1066.7,1234.5,1806.7,1864.5,649.7,699.7,812.2,1112.4,1158.1,736.9,806.9,921.06,1261.27,1313.04,7284.0,7834.0,9184.0,12684.0,13184.0
0,19-05-29 13:38:08,DY7070,OAK,LGW,2019-06-01,20:15,19:55 +1,15.0,40.0,940.0,1,D82909,Copenhagen,3h 20m,,,,,1765.5,,,,,1359.9,,,,,1543.17,,,,,16583.0
1,19-05-29 13:38:08,DY7064,OAK,LGW,2019-06-01,19:15,20:05 +1,16.0,50.0,1010.0,1,D82807,Oslo,4h 50m,,,,,1990.9,,,,,1318.9,,,,,1496.69,,,,,16084.0
2,19-05-29 13:38:08,DY7070,OAK,LGW,2019-06-01,20:15,23:20 +1,19.0,5.0,1145.0,1,D82911,Copenhagen,6h 50m,,,,,1611.0,,,,,1237.8,,,,,1404.75,,,,,15094.0
3,19-05-29 13:38:08,DY7064,OAK,LGW,2019-06-01,19:15,23:10 +1,19.0,55.0,1195.0,1,D82809,Oslo,7h 55m,,,,,1785.9,,,,,1156.9,,,,,1313.06,,,,,14108.0
0,19-05-29 13:38:27,,OAK,LGW,2019-06-02,16:00,18:40 +1,18.0,40.0,1120.0,1,,Barcelona,5h 35m,0.0,0.0,0.0,0.0,0.0,0.0,0.0,0.0,0.0,0.0,0.0,0.0,0.0,0.0,0.0,0.0,0.0,0.0,0.0,0.0
0,19-05-29 13:39:07,DY7076,OAK,BCN,2019-05-30,20:05,15:55 +1,10.0,50.0,650.0,0,,,,,,1129.9,,,,,908.8,,,,,879.9,,,,,11084.0,,
0,19-05-29 13:39:47,,OAK,BCN,2019-06-01,20:15,23:25 +1,18.0,10.0,1090.0,1,,Copenhagen,5h 0m,0.0,0.0,0.0,0.0,0.0,0.0,0.0,0.0,0.0,0.0,0.0,0.0,0.0,0.0,0.0,0.0,0.0,0.0,0.0,0.0
1,19-05-29 13:39:47,DY7064,OAK,BCN,2019-06-01,19:15,23:20 +1,19.0,5.0,1145.0,1,D85523,Oslo,6h 5m,,,,1629.8,1829.9,,,,1033.5,1191.6,,,,1173.21,1352.46,,,,12603.0,14532.0
0,19-05-29 13:40:06,DY7076,OAK,BCN,2019-06-02,16:00,11:50 +1,10.0,50.0,650.0,0,,,,469.9,539.9,999.9,,1449.9,378.9,428.9,804.5,,1165.7,389.9,444.9,779.9,,1129.9,4621.0,5171.0,9811.0,,14217.0
0,19-05-29 13:40:26,DY7012,JFK,CPH,2019-05-29,23:30,13:05 +1,7.0,35.0,455.0,0,,,,,,904.9,,994.9,,,743.7,,817.3,,,842.71,,926.15,,,9069.0,,9967.0
1,19-05-29 13:40:26,DI7016,JFK,CPH,2019-05-29,23:00,16:25 +1,11.0,25.0,685.0,1,D82906,London,2h 35m,538.8,628.8,1066.0,703.8,1286.0,387.5,437.5,774.6,502.5,934.6,452.72,522.72,948.98,603.68,1145.42,4860.0,5410.0,10201.0,6485.0,12315.0
2,19-05-29 13:40:26,DI7018,JFK,CPH,2019-05-29,22:25,16:25 +1,12.0,0.0,720.0,1,D82906,London,3h 10m,538.8,628.8,1066.0,1118.8,1286.0,387.5,437.5,774.6,802.5,934.6,452.72,522.72,948.98,995.7,1145.42,4860.0,5410.0,10201.0,10704.0,12315.0
3,19-05-29 13:40:26,DI7016,JFK,CPH,2019-05-29,23:00,18:15 +1,13.0,15.0,795.0,1,D82908,London,4h 25m,554.0,644.0,1066.0,719.0,1286.0,399.5,449.5,774.6,514.5,934.6,466.33,536.33,948.98,617.29,1145.42,5006.0,5556.0,10201.0,6631.0,12315.0
4,19-05-29 13:40:26,DY7704,JFK,CPH,2019-05-29,23:55,19:40 +1,13.0,45.0,825.0,1,D86112,Madrid,3h 25m,971.0,1061.0,1268.9,1271.0,1438.9,772.8,822.8,1009.9,1013.7,1146.4,822.51,892.51,1082.83,1102.51,1252.83,9420.0,9970.0,12311.0,12358.0,13976.0
5,19-05-29 13:40:26,DI7018,JFK,CPH,2019-05-29,22:25,18:15 +1,13.0,50.0,830.0,1,D82908,London,5h 0m,554.0,644.0,1066.0,1134.0,1286.0,399.5,449.5,774.6,814.5,934.6,466.33,536.33,948.98,1009.31,1145.42,5006.0,5556.0,10201.0,10850.0,12315.0
0,19-05-29 13:40:45,DI7018,JFK,CPH,2019-05-30,22:10,14:20 +1,10.0,10.0,610.0,1,D82906,London,1h 20m,654.0,744.0,1066.0,1134.0,1286.0,469.5,519.5,774.6,814.5,934.6,547.78,617.78,948.98,1009.31,1145.42,5883.0,6433.0,10201.0,10850.0,12315.0
1,19-05-29 13:40:45,DY7002,JFK,CPH,2019-05-30,22:05,15:00 +1,10.0,55.0,655.0,1,DY940,Oslo,2h 25m,1038.8,1128.8,1074.5,,,682.9,732.9,711.2,,,775.95,845.95,807.98,,,8328.0,8878.0,8673.0,,
2,19-05-29 13:40:45,DY7006,JFK,CPH,2019-05-30,23:30,16:40 +1,11.0,10.0,670.0,1,D83209,Stockholm,2h 20m,747.2,837.2,984.6,1037.2,1114.6,476.2,526.2,632.5,631.9,693.1,543.3,613.3,720.38,719.69,788.98,5451.0,6001.0,7241.0,7251.0,7941.0
3,19-05-29 13:40:45,DY7006,JFK,CPH,2019-05-30,23:30,18:25 +1,12.0,55.0,775.0,1,D8230,Stockholm,4h 5m,712.5,802.5,902.2,1002.5,1032.2,448.8,498.8,567.4,604.5,628.0,512.24,582.24,646.61,688.63,715.21,5141.0,5691.0,6521.0,6941.0,7221.0
4,19-05-29 13:40:45,DY7002,JFK,CPH,2019-05-30,22:05,17:05 +1,13.0,0.0,780.0,1,D83226,Oslo,4h 30m,1026.9,1116.9,1074.5,,,673.5,723.5,711.2,,,765.28,835.28,807.98,,,8213.0,8763.0,8673.0,,
5,19-05-29 13:40:45,DI7016,JFK,CPH,2019-05-30,23:00,18:15 +1,13.0,15.0,795.0,1,D82908,London,4h 25m,619.2,709.2,1066.0,1149.2,1286.0,441.5,491.5,774.6,826.5,934.6,514.84,584.84,948.98,1022.92,1145.42,5529.0,6079.0,10201.0,10997.0,12315.0
6,19-05-29 13:40:45,DY7704,JFK,CPH,2019-05-30,23:55,19:40 +1,13.0,45.0,825.0,1,D86112,Madrid,3h 25m,1070.5,1160.5,1268.9,1240.5,1438.9,853.1,903.1,1009.9,989.6,1146.4,905.18,975.18,1082.83,1075.18,1252.83,10399.0,10949.0,12311.0,12064.0,13976.0
7,19-05-29 13:40:45,DY7700,JFK,CPH,2019-05-30,00:05,19:55,13.0,50.0,830.0,1,D83541,Amsterdam,5h 30m,,,,1305.8,1351.4,,,,1038.6,1074.7,,,,1113.52,1154.35,,,,12664.0,13103.0
8,19-05-29 13:40:45,DI7018,JFK,CPH,2019-05-30,22:10,18:15 +1,14.0,5.0,845.0,1,D82908,London,5h 15m,669.2,759.2,1066.0,1149.2,1286.0,481.5,531.5,774.6,826.5,934.6,561.39,631.39,948.98,1022.92,1145.42,6030.0,6580.0,10201.0,10997.0,12315.0
9,19-05-29 13:40:45,DY7002,JFK,CPH,2019-05-30,22:05,18:35 +1,14.0,30.0,870.0,1,DY948,Oslo,6h 0m,1062.6,1152.6,1128.2,,,701.7,751.7,753.6,,,797.3,867.3,856.02,,,8558.0,9108.0,9190.0,,
0,19-05-29 13:41:04,DY7012,JFK,CPH,2019-05-31,22:05,11:40 +1,7.0,35.0,455.0,0,,,,,,904.9,,,,,743.7,,,,,842.71,,,,,9069.0,,
1,19-05-29 13:41:04,DY7002,JFK,CPH,2019-05-31,23:30,18:00 +1,12.0,30.0,750.0,1,DY948,Oslo,4h 0m,1037.3,1127.3,1079.0,,,673.5,723.5,706.4,,,765.28,835.28,802.64,,,8213.0,8763.0,8615.0,,
2,19-05-29 13:41:04,DY7700,JFK,CPH,2019-05-31,00:05,19:55,13.0,50.0,830.0,1,D83541,Amsterdam,5h 30m,,,,1184.2,1351.4,,,,942.6,1074.7,,,,1004.63,1154.35,,,,11492.0,13103.0
0,19-05-29 13:41:25,DI7016,JFK,CPH,2019-06-01,23:00,15:25 +1,10.0,25.0,625.0,1,D82904,London,1h 35m,,,,,1685.7,,,,,1234.5,,,,,1502.77,,,,,16161.0
1,19-05-29 13:41:25,DY7002,JFK,CPH,2019-06-01,22:05,15:00 +1,10.0,55.0,655.0,1,DY940,Oslo,2h 25m,1025.3,1115.3,1079.0,,,664.1,714.1,706.4,,,754.6,824.6,802.64,,,8098.0,8648.0,8615.0,,
2,19-05-29 13:41:25,DY7002,JFK,CPH,2019-06-01,22:05,16:30 +1,12.0,25.0,745.0,1,D83224,Oslo,3h 55m,1084.9,1174.9,1108.8,,,711.2,761.2,730.0,,,807.98,877.98,829.33,,,8672.0,9222.0,8902.0,,
3,19-05-29 13:41:25,DI7016,JFK,CPH,2019-06-01,23:00,18:15 +1,13.0,15.0,795.0,1,D82908,London,4h 25m,,,,,1685.7,,,,,1234.5,,,,,1502.77,,,,,16161.0
4,19-05-29 13:41:25,,JFK,CPH,2019-06-01,23:55,19:20 +1,13.0,25.0,805.0,1,,Madrid,3h 5m,0.0,0.0,0.0,0.0,0.0,0.0,0.0,0.0,0.0,0.0,0.0,0.0,0.0,0.0,0.0,0.0,0.0,0.0,0.0,0.0
5,19-05-29 13:41:25,DY7002,JFK,CPH,2019-06-01,22:05,19:55 +1,15.0,50.0,950.0,1,D83240,Oslo,7h 20m,1084.9,1174.9,1108.8,,,711.2,761.2,730.0,,,807.98,877.98,829.33,,,8672.0,9222.0,8902.0,,
6,19-05-29 13:41:25,DI7016,JFK,CPH,2019-06-01,23:00,21:45 +1,16.0,45.0,1005.0,1,D82910,London,7h 55m,,,,,1685.7,,,,,1234.5,,,,,1502.77,,,,,16161.0
7,19-05-29 13:41:25,DY7002,JFK,CPH,2019-06-01,22:05,21:25 +1,17.0,20.0,1040.0,1,D83226,Oslo,8h 50m,1003.9,1093.9,1079.0,,,647.1,697.1,706.4,,,735.38,805.38,802.64,,,7891.0,8441.0,8615.0,,
8,19-05-29 13:41:25,DI7014,JFK,CPH,2019-06-01,12:45,12:10 +1,17.0,25.0,1045.0,1,D82906,London,8h 35m,756.0,846.0,1066.0,,,549.6,599.6,774.6,,,637.34,707.34,948.98,,,6847.0,7397.0,10201.0,,
0,19-05-29 13:41:45,DY7012,JFK,CPH,2019-06-02,22:05,11:40 +1,7.0,35.0,455.0,0,,,,,,,,1094.9,,,,,902.1,,,,,1022.24,,,,,11001.0
1,19-05-29 13:41:45,DY7002,JFK,CPH,2019-06-02,23:30,15:00 +1,9.0,30.0,570.0,1,DY940,Oslo,1h 0m,909.2,999.2,939.0,1239.2,1269.0,588.7,638.7,612.2,843.0,866.5,669.19,739.19,695.88,957.44,984.13,7178.0,7728.0,7466.0,10280.0,10568.0
2,19-05-29 13:41:45,DI7016,JFK,CPH,2019-06-02,23:00,16:25 +1,11.0,25.0,685.0,1,D82906,London,2h 35m,945.7,1035.7,1255.7,1475.7,1475.7,699.5,749.5,924.5,1084.5,1084.5,807.22,877.22,1118.86,1315.3,1315.3,8676.0,9226.0,12030.0,14144.0,14144.0
3,19-05-29 13:41:45,,JFK,CPH,2019-06-02,21:55,15:25 +1,11.0,30.0,690.0,1,,Stockholm,2h 40m,0.0,0.0,0.0,0.0,0.0,0.0,0.0,0.0,0.0,0.0,0.0,0.0,0.0,0.0,0.0,0.0,0.0,0.0,0.0,0.0
4,19-05-29 13:41:45,DY7002,JFK,CPH,2019-06-02,23:30,17:05 +1,11.0,35.0,695.0,1,D83226,Oslo,3h 5m,863.9,953.9,939.0,1193.9,1269.0,552.9,602.9,612.2,807.2,866.5,628.62,698.62,695.88,916.87,984.13,6742.0,7292.0,7466.0,9844.0,10568.0
5,19-05-29 13:41:45,DI7018,JFK,CPH,2019-06-02,22:10,16:25 +1,12.0,15.0,735.0,1,D82906,London,3h 25m,1055.7,1145.7,1325.7,1475.7,1475.7,779.5,829.5,974.5,1084.5,1084.5,900.31,970.31,1181.32,1315.3,1315.3,9677.0,10227.0,12702.0,14144.0,14144.0
6,19-05-29 13:41:45,,JFK,CPH,2019-06-02,21:55,16:40 +1,12.0,45.0,765.0,1,,Stockholm,3h 55m,0.0,0.0,0.0,0.0,0.0,0.0,0.0,0.0,0.0,0.0,0.0,0.0,0.0,0.0,0.0,0.0,0.0,0.0,0.0,0.0
7,19-05-29 13:41:45,DY7002,JFK,CPH,2019-06-02,23:30,18:35 +1,13.0,5.0,785.0,1,DY948,Oslo,4h 35m,863.9,953.9,939.0,1193.9,1269.0,552.9,602.9,612.2,807.2,866.5,628.62,698.62,695.88,916.87,984.13,6742.0,7292.0,7466.0,9844.0,10568.0
8,19-05-29 13:41:45,DI7016,JFK,CPH,2019-06-02,23:00,18:15 +1,13.0,15.0,795.0,1,D82908,London,4h 25m,1022.9,1112.9,1332.9,1552.9,1552.9,760.6,810.6,985.6,1145.6,1145.6,876.43,946.43,1188.07,1384.51,1384.51,9420.0,9970.0,12774.0,14888.0,14888.0
9,19-05-29 13:41:45,DY7704,JFK,CPH,2019-06-02,23:55,19:40 +1,13.0,45.0,825.0,1,D86112,Madrid,3h 25m,807.8,897.8,1423.0,1147.8,1453.0,640.4,690.4,1130.5,913.4,1154.6,688.17,758.17,1231.48,1008.17,1281.48,7806.0,8356.0,13783.0,11136.0,14077.0
0,19-05-29 13:42:06,DI7016,JFK,ARN,2019-05-29,23:00,16:30 +1,11.0,30.0,690.0,1,D82854,London,2h 10m,672.9,762.9,1091.1,837.9,1311.1,493.7,543.7,794.6,608.7,954.6,572.83,642.83,971.47,723.79,1167.91,5894.0,6444.0,10124.0,7519.0,12238.0
1,19-05-29 13:42:06,DY7012,JFK,ARN,2019-05-29,23:30,17:05 +1,11.0,35.0,695.0,1,DY4162,Copenhagen,2h 50m,1133.7,1223.7,1179.2,1223.7,1269.2,918.0,968.0,953.9,991.6,1027.5,1042.35,1112.35,1083.02,1125.79,1166.46,11059.0,11609.0,11469.0,11957.0,12367.0
2,19-05-29 13:42:06,DI7018,JFK,ARN,2019-05-29,22:25,16:30 +1,12.0,5.0,725.0,1,D82854,London,2h 45m,672.9,762.9,1091.1,1252.9,1311.1,493.7,543.7,794.6,908.7,954.6,572.83,642.83,971.47,1115.81,1167.91,5894.0,6444.0,10124.0,11738.0,12238.0
3,19-05-29 13:42:06,DY7704,JFK,ARN,2019-05-29,23:55,18:35 +1,12.0,40.0,760.0,1,D86092,Madrid,1h 40m,1010.9,1100.9,1255.2,1310.9,1425.2,804.4,854.4,999.1,1045.3,1135.6,858.24,928.24,1070.63,1138.24,1240.63,9602.0,10152.0,11875.0,12540.0,13540.0
4,19-05-29 13:42:06,DY7012,JFK,ARN,2019-05-29,23:30,20:10 +1,14.0,40.0,880.0,1,D8231,Copenhagen,5h 55m,1086.7,1176.7,1179.2,1176.7,1269.2,880.8,930.8,953.9,954.4,1027.5,1000.18,1070.18,1083.02,1083.62,1166.46,10639.0,11189.0,11469.0,11537.0,12367.0
5,19-05-29 13:42:06,DI7016,JFK,ARN,2019-05-29,23:00,20:20 +1,15.0,20.0,920.0,1,D82856,London,6h 0m,585.5,675.5,986.3,750.5,1206.3,424.6,474.6,711.8,539.6,871.8,494.58,564.58,877.63,645.54,1074.07,5144.0,5694.0,9224.0,6769.0,11338.0
6,19-05-29 13:42:06,DI7018,JFK,ARN,2019-05-29,22:25,20:20 +1,15.0,55.0,955.0,1,D82856,London,6h 35m,585.5,675.5,986.3,1165.5,1206.3,424.6,474.6,711.8,839.6,871.8,494.58,564.58,877.63,1037.56,1074.07,5144.0,5694.0,9224.0,10988.0,11338.0
7,19-05-29 13:42:06,DI7016,JFK,ARN,2019-05-29,23:00,23:15 +1,18.0,15.0,1095.0,1,D82858,London,8h 55m,556.3,646.3,986.3,721.3,1206.3,401.5,451.5,711.8,516.5,871.8,468.42,538.42,877.63,619.38,1074.07,4894.0,5444.0,9224.0,6519.0,11338.0
0,19-05-29 13:42:28,DY7006,JFK,ARN,2019-05-30,23:30,13:10 +1,7.0,40.0,460.0,0,,,,599.9,689.9,759.9,,889.9,366.4,416.4,461.5,,522.1,416.68,486.68,524.47,,593.07,4199.0,4749.0,5299.0,,5999.0
1,19-05-29 13:42:28,DI7016,JFK,ARN,2019-05-30,23:00,16:30 +1,11.0,30.0,690.0,1,D82854,London,2h 10m,664.6,754.6,986.3,1194.6,1206.3,477.6,527.6,711.8,862.6,871.8,555.53,625.53,877.63,1063.61,1074.07,5770.0,6320.0,9224.0,11238.0,11338.0
2,19-05-29 13:42:28,DY7002,JFK,ARN,2019-05-30,22:05,16:00 +1,11.0,55.0,715.0,1,DY816,Oslo,3h 35m,1086.5,1176.5,1128.2,,,720.6,770.6,753.6,,,818.66,888.66,856.02,,,8553.0,9103.0,9003.0,,
3,19-05-29 13:42:28,DI7018,JFK,ARN,2019-05-30,22:10,16:30 +1,12.0,20.0,740.0,1,D82854,London,3h 0m,714.6,804.6,986.3,1194.6,1206.3,517.6,567.6,711.8,862.6,871.8,602.08,672.08,877.63,1063.61,1074.07,6271.0,6821.0,9224.0,11238.0,11338.0
4,19-05-29 13:42:28,DY7704,JFK,ARN,2019-05-30,23:55,18:35 +1,12.0,40.0,760.0,1,D86092,Madrid,1h 40m,1220.9,1310.9,1255.2,1390.9,1425.2,972.0,1022.0,999.1,1108.5,1135.6,1039.91,1109.91,1070.63,1209.91,1240.63,11575.0,12125.0,11875.0,13240.0,13540.0
5,19-05-29 13:42:28,DY7002,JFK,ARN,2019-05-30,22:05,17:30 +1,13.0,25.0,805.0,1,DY4116,Oslo,5h 5m,1086.5,1176.5,1128.2,,,720.6,770.6,753.6,,,818.66,888.66,856.02,,,8553.0,9103.0,9003.0,,
6,19-05-29 13:42:28,DY7002,JFK,ARN,2019-05-30,22:05,19:00 +1,14.0,55.0,895.0,1,DY822,Oslo,6h 35m,1038.8,1128.8,1080.5,,,682.9,732.9,715.9,,,775.95,845.95,813.32,,,8153.0,8703.0,8503.0,,
7,19-05-29 13:42:28,DI7016,JFK,ARN,2019-05-30,23:00,20:20 +1,15.0,20.0,920.0,1,D82856,London,6h 0m,722.9,812.9,1149.4,1252.9,1369.4,523.7,573.7,840.7,908.7,1000.7,607.73,677.73,1023.68,1115.81,1220.12,6270.0,6820.0,11274.0,11738.0,13388.0
8,19-05-29 13:42:28,DI7018,JFK,ARN,2019-05-30,22:10,20:20 +1,16.0,10.0,970.0,1,D82856,London,6h 50m,772.9,862.9,1149.4,1252.9,1369.4,563.7,613.7,840.7,908.7,1000.7,654.28,724.28,1023.68,1115.81,1220.12,6771.0,7321.0,11274.0,11738.0,13388.0
9,19-05-29 13:42:28,DY7002,JFK,ARN,2019-05-30,22:05,20:30 +1,16.0,25.0,985.0,1,DY4122,Oslo,8h 5m,1038.8,1128.8,1080.5,,,682.9,732.9,715.9,,,775.95,845.95,813.32,,,8153.0,8703.0,8503.0,,
0,19-05-29 13:42:47,DY7006,JFK,ARN,2019-05-31,21:55,11:35 +1,7.0,40.0,460.0,0,,,,,,,,889.9,,,,,522.1,,,,,593.07,,,,,5999.0
1,19-05-29 13:42:47,DI7016,JFK,ARN,2019-05-31,23:00,20:20 +1,15.0,20.0,920.0,1,D82856,London,6h 0m,1064.1,1154.1,1324.1,1544.1,1544.1,793.8,843.8,978.8,1138.8,1138.8,915.1,985.1,1180.19,1376.63,1376.63,9271.0,9821.0,12124.0,14238.0,14238.0
2,19-05-29 13:42:47,DI7018,JFK,ARN,2019-05-31,22:00,20:20 +1,16.0,20.0,980.0,1,D82856,London,7h 0m,1124.1,1214.1,1324.1,1544.1,1544.1,833.8,883.8,978.8,1138.8,1138.8,961.64,1031.64,1180.19,1376.63,1376.63,9771.0,10321.0,12124.0,14238.0,14238.0
3,19-05-29 13:42:47,DY7700,JFK,ARN,2019-05-31,00:05,23:20,17.0,15.0,1035.0,1,DY4532,Amsterdam,8h 15m,,,,1175.8,1314.5,,,,935.9,1045.6,,,,997.08,1121.35,,,,11322.0,12522.0
0,19-05-29 13:43:05,,JFK,ARN,2019-06-01,23:00,17:30 +1,12.0,30.0,750.0,1,,London,3h 10m,0.0,0.0,0.0,0.0,0.0,0.0,0.0,0.0,0.0,0.0,0.0,0.0,0.0,0.0,0.0,0.0,0.0,0.0,0.0,0.0
1,19-05-29 13:43:05,,JFK,ARN,2019-06-01,23:55,18:35 +1,12.0,40.0,760.0,1,,Madrid,1h 40m,0.0,0.0,0.0,0.0,0.0,0.0,0.0,0.0,0.0,0.0,0.0,0.0,0.0,0.0,0.0,0.0,0.0,0.0,0.0,0.0
2,19-05-29 13:43:05,DY7002,JFK,ARN,2019-06-01,22:05,18:00 +1,13.0,55.0,835.0,1,DY820,Oslo,5h 35m,1156.5,1246.5,1198.2,,,767.7,817.7,800.7,,,872.04,942.04,909.4,,,9127.0,9677.0,9577.0,,
3,19-05-29 13:43:05,,JFK,ARN,2019-06-01,23:00,19:45 +1,14.0,45.0,885.0,1,,London,5h 25m,0.0,0.0,0.0,0.0,0.0,0.0,0.0,0.0,0.0,0.0,0.0,0.0,0.0,0.0,0.0,0.0,0.0,0.0,0.0,0.0
4,19-05-29 13:43:05,DY7002,JFK,ARN,2019-06-01,22:05,20:00 +1,15.0,55.0,955.0,1,DY4120,Oslo,7h 35m,1049.2,1139.2,1096.9,,,682.9,732.9,720.6,,,775.95,845.95,818.66,,,8227.0,8777.0,8677.0,,
5,19-05-29 13:43:05,DI7014,JFK,ARN,2019-06-01,12:45,11:20 +1,16.0,35.0,995.0,1,D82852,London,7h 15m,1014.1,1104.1,1324.1,,,753.8,803.8,978.8,,,868.55,938.55,1180.19,,,8770.0,9320.0,12124.0,,
6,19-05-29 13:43:05,DY7002,JFK,ARN,2019-06-01,22:05,21:00 +1,16.0,55.0,1015.0,1,DY826,Oslo,8h 35m,1049.2,1139.2,1096.9,,,682.9,732.9,720.6,,,775.95,845.95,818.66,,,8227.0,8777.0,8677.0,,
0,19-05-29 13:43:26,,JFK,ARN,2019-06-02,21:55,11:35 +1,7.0,40.0,460.0,0,,,,0.0,0.0,0.0,0.0,0.0,0.0,0.0,0.0,0.0,0.0,0.0,0.0,0.0,0.0,0.0,0.0,0.0,0.0,0.0,0.0
1,19-05-29 13:43:26,DY7002,JFK,ARN,2019-06-02,23:30,16:00 +1,10.0,30.0,630.0,1,DY816,Oslo,2h 10m,867.5,957.5,915.1,1197.5,1245.1,555.7,605.7,593.4,810.0,847.7,631.83,701.83,674.53,920.08,962.78,6708.0,7258.0,7128.0,9810.0,10230.0
2,19-05-29 13:43:26,DY7012,JFK,ARN,2019-06-02,22:05,15:00 +1,10.0,55.0,655.0,1,D83208,Copenhagen,2h 10m,,,,1209.3,1286.5,,,,985.9,1047.0,,,,1119.39,1188.57,,,,11961.0,12671.0
3,19-05-29 13:43:26,DI7016,JFK,ARN,2019-06-02,23:00,16:30 +1,11.0,30.0,690.0,1,D82854,London,2h 10m,839.4,929.4,1149.4,1369.4,1369.4,615.7,665.7,840.7,1000.7,1000.7,712.04,782.04,1023.68,1220.12,1220.12,7920.0,8470.0,11274.0,13388.0,13388.0
4,19-05-29 13:43:26,DY7002,JFK,ARN,2019-06-02,23:30,17:30 +1,12.0,0.0,720.0,1,DY4116,Oslo,3h 40m,873.4,963.4,915.1,1203.4,1245.1,560.4,610.4,593.4,814.7,847.7,637.16,707.16,674.53,925.41,962.78,6758.0,7308.0,7128.0,9860.0,10230.0
5,19-05-29 13:43:26,DI7018,JFK,ARN,2019-06-02,22:10,16:30 +1,12.0,20.0,740.0,1,D82854,London,3h 0m,949.4,1039.4,1219.4,1369.4,1369.4,695.7,745.7,890.7,1000.7,1000.7,805.13,875.13,1086.14,1220.12,1220.12,8921.0,9471.0,11946.0,13388.0,13388.0
6,19-05-29 13:43:26,,JFK,ARN,2019-06-02,23:55,18:35 +1,12.0,40.0,760.0,1,,Madrid,1h 40m,0.0,0.0,0.0,0.0,0.0,0.0,0.0,0.0,0.0,0.0,0.0,0.0,0.0,0.0,0.0,0.0,0.0,0.0,0.0,0.0
7,19-05-29 13:43:26,DY7012,JFK,ARN,2019-06-02,22:05,17:05 +1,13.0,0.0,780.0,1,DY4162,Copenhagen,4h 15m,,,,1236.0,1286.5,,,,1007.0,1047.0,,,,1143.3,1188.57,,,,12201.0,12671.0
8,19-05-29 13:43:26,DY7002,JFK,ARN,2019-06-02,23:30,19:00 +1,13.0,30.0,810.0,1,DY822,Oslo,5h 10m,933.0,1023.0,1010.5,1263.0,1340.5,607.5,657.5,668.8,861.8,923.1,690.54,760.54,759.94,978.79,1048.19,7278.0,7828.0,7928.0,10380.0,11030.0
9,19-05-29 13:43:26,DY7012,JFK,ARN,2019-06-02,22:05,18:20 +1,14.0,15.0,855.0,1,D83212,Copenhagen,5h 30m,,,,1251.6,1286.5,,,,1019.4,1047.0,,,,1157.29,1188.57,,,,12341.0,12671.0
0,19-05-29 13:43:45,DY7022,JFK,CDG,2019-05-29,23:15,12:20 +1,7.0,5.0,425.0,0,,,,,,839.9,,1109.9,,,675.1,,891.6,,,649.9,,869.9,,,8232.0,,10872.0
0,19-05-29 13:44:04,DY7022,JFK,CDG,2019-05-30,23:15,12:20 +1,7.0,5.0,425.0,0,,,,,,839.9,,,,,675.1,,,,,649.9,,,,,8232.0,,
1,19-05-29 13:44:04,DY7006,JFK,CDG,2019-05-30,23:30,21:20 +1,15.0,50.0,950.0,1,DY4313,Stockholm,5h 25m,792.1,882.1,1020.3,1082.1,1150.3,511.8,561.8,660.7,667.5,721.3,583.55,653.55,752.41,759.94,821.01,5834.0,6384.0,7531.0,7634.0,8231.0
2,19-05-29 13:44:04,DY7002,JFK,CDG,2019-05-30,22:05,20:00 +1,15.0,55.0,955.0,1,DY1498,Oslo,6h 10m,1016.3,1106.3,1128.2,,,665.1,715.1,753.6,,,755.77,825.77,856.02,,,8111.0,8661.0,9190.0,,
0,19-05-29 13:44:23,DY7022,JFK,CDG,2019-05-31,23:15,12:20 +1,7.0,5.0,425.0,0,,,,,,839.9,,1109.9,,,675.1,,891.6,,,649.9,,869.9,,,8232.0,,10872.0
0,19-05-29 13:44:42,DY7022,JFK,CDG,2019-06-01,22:30,11:25 +1,6.0,55.0,415.0,0,,,,529.9,619.9,839.9,,,426.6,476.6,675.1,,,409.9,479.9,649.9,,,5201.0,5751.0,8232.0,,
1,19-05-29 13:44:42,DY7002,JFK,CDG,2019-06-01,22:05,20:50 +1,16.0,45.0,1005.0,1,DY1498,Oslo,7h 0m,,,1424.8,,,,,979.8,,,,,1112.35,,,,,11948.0,,
0,19-05-29 13:45:03,,JFK,CDG,2019-06-02,23:15,12:20 +1,7.0,5.0,425.0,0,,,,0.0,0.0,0.0,0.0,0.0,0.0,0.0,0.0,0.0,0.0,0.0,0.0,0.0,0.0,0.0,0.0,0.0,0.0,0.0,0.0
1,19-05-29 13:45:03,,JFK,CDG,2019-06-02,23:30,20:00 +1,14.0,30.0,870.0,1,,Oslo,4h 45m,0.0,0.0,0.0,0.0,0.0,0.0,0.0,0.0,0.0,0.0,0.0,0.0,0.0,0.0,0.0,0.0,0.0,0.0,0.0,0.0
2,19-05-29 13:45:03,,JFK,CDG,2019-06-02,21:55,21:20 +1,17.0,25.0,1045.0,1,,Stockholm,7h 0m,0.0,0.0,0.0,0.0,0.0,0.0,0.0,0.0,0.0,0.0,0.0,0.0,0.0,0.0,0.0,0.0,0.0,0.0,0.0,0.0
0,19-05-29 13:45:23,DI7018,JFK,LGW,2019-05-29,22:25,10:25 +1,7.0,0.0,420.0,0,,,,399.9,489.9,759.9,,979.9,284.9,334.9,539.9,,699.9,332.82,402.82,679.36,,875.8,3598.0,4148.0,7328.0,,9442.0
1,19-05-29 13:45:23,DI7016,JFK,LGW,2019-05-29,23:00,11:00 +1,7.0,0.0,420.0,0,,,,399.9,489.9,759.9,564.9,979.9,284.9,334.9,539.9,399.9,699.9,332.82,402.82,679.36,483.78,875.8,3598.0,4148.0,7328.0,5223.0,9442.0
2,19-05-29 13:45:23,DY7012,JFK,LGW,2019-05-29,23:30,18:25 +1,13.0,55.0,835.0,1,D82907,Copenhagen,4h 25m,,,1321.0,,1411.0,,,1066.0,,1139.6,,,1210.06,,1293.5,,,12999.0,,13897.0
3,19-05-29 13:45:23,DY7704,JFK,LGW,2019-05-29,23:55,19:05 +1,14.0,10.0,850.0,1,D86054,Madrid,4h 35m,955.3,1045.3,1188.1,1255.3,1358.1,756.8,806.8,941.2,997.7,1077.7,806.65,876.65,1008.73,1086.65,1178.73,9238.0,9788.0,11502.0,12176.0,13167.0
4,19-05-29 13:45:23,DY7012,JFK,LGW,2019-05-29,23:30,19:55 +1,15.0,25.0,925.0,1,D82909,Copenhagen,5h 50m,,,1243.7,,1333.7,,,1004.9,,1078.5,,,1140.85,,1224.29,,,12254.0,,13152.0
0,19-05-29 13:45:43,DI7014,JFK,LGW,2019-05-30,11:25,23:25,7.0,0.0,420.0,0,,,,399.9,489.9,759.9,,,284.9,334.9,539.9,,,332.82,402.82,679.36,,,3598.0,4148.0,7328.0,,
1,19-05-29 13:45:43,DI7018,JFK,LGW,2019-05-30,22:10,10:10 +1,7.0,0.0,420.0,0,,,,499.9,589.9,759.9,,979.9,354.9,404.9,539.9,,699.9,414.27,484.27,679.36,,875.8,4475.0,5025.0,7328.0,,9442.0
2,19-05-29 13:45:43,DI7016,JFK,LGW,2019-05-30,23:00,11:00 +1,7.0,0.0,420.0,0,,,,449.9,539.9,759.9,,979.9,314.9,364.9,539.9,,699.9,367.72,437.72,679.36,,875.8,3974.0,4524.0,7328.0,,9442.0
3,19-05-29 13:45:43,DY7006,JFK,LGW,2019-05-30,23:30,15:45 +1,11.0,15.0,675.0,1,D82853,Stockholm,1h 0m,1147.9,1237.9,1307.9,1437.9,1437.9,793.0,843.0,888.1,948.7,948.7,902.22,972.22,1010.01,1078.61,1078.61,8884.0,9434.0,9984.0,10684.0,10684.0
4,19-05-29 13:45:43,DY7002,JFK,LGW,2019-05-30,22:05,14:25 +1,11.0,20.0,680.0,1,D82805,Oslo,1h 40m,,,1125.9,,,,,751.8,,,,,853.99,,,,,9168.0,,
5,19-05-29 13:45:43,DY7704,JFK,LGW,2019-05-30,23:55,19:05 +1,14.0,10.0,850.0,1,D86054,Madrid,4h 35m,1021.0,1111.0,1188.1,1191.0,1358.1,811.2,861.2,941.2,947.7,1077.7,859.11,929.11,1008.73,1029.11,1178.73,9892.0,10442.0,11502.0,11557.0,13167.0
6,19-05-29 13:45:43,DY7006,JFK,LGW,2019-05-30,23:30,19:15 +1,14.0,45.0,885.0,1,D82857,Stockholm,4h 30m,1147.9,1237.9,1307.9,1437.9,1437.9,793.0,843.0,888.1,948.7,948.7,902.22,972.22,1010.01,1078.61,1078.61,8884.0,9434.0,9984.0,10684.0,10684.0
7,19-05-29 13:45:43,DY7704,JFK,LGW,2019-05-30,23:55,20:35 +1,15.0,40.0,940.0,1,D88441,Madrid,6h 5m,1033.9,1123.9,1188.1,1203.9,1358.1,821.2,871.2,941.2,957.7,1077.7,870.62,940.62,1008.73,1040.62,1178.73,10015.0,10565.0,11502.0,11680.0,13167.0
8,19-05-29 13:45:43,DY7002,JFK,LGW,2019-05-30,22:05,20:05 +1,17.0,0.0,1020.0,1,D82807,Oslo,7h 20m,,,1185.5,,,,,798.9,,,,,907.37,,,,,9742.0,,
9,19-05-29 13:45:43,DY7006,JFK,LGW,2019-05-30,23:30,22:35 +1,18.0,5.0,1085.0,1,D82859,Stockholm,7h 50m,916.7,1006.7,1307.9,1206.7,1437.9,610.2,660.2,888.1,765.9,948.7,695.11,765.11,1010.01,871.5,1078.61,6884.0,7434.0,9984.0,8684.0,10684.0
0,19-05-29 13:46:02,DI7014,JFK,LGW,2019-05-31,11:15,23:15,7.0,0.0,420.0,0,,,,399.9,489.9,759.9,,,284.9,334.9,539.9,,,332.82,402.82,679.36,,,3598.0,4148.0,7328.0,,
1,19-05-29 13:46:02,DI7018,JFK,LGW,2019-05-31,22:00,10:00 +1,7.0,0.0,420.0,0,,,,559.9,649.9,759.9,,979.9,394.9,444.9,539.9,,699.9,460.81,530.81,679.36,,875.8,4975.0,5525.0,7328.0,,9442.0
2,19-05-29 13:46:02,DI7016,JFK,LGW,2019-05-31,23:00,11:00 +1,7.0,0.0,420.0,0,,,,499.9,589.9,759.9,,979.9,354.9,404.9,539.9,,699.9,414.27,484.27,679.36,,875.8,4475.0,5025.0,7328.0,,9442.0
3,19-05-29 13:46:02,DY7012,JFK,LGW,2019-05-31,22:05,14:25 +1,11.0,20.0,680.0,1,D82903,Copenhagen,1h 50m,,,1243.7,,,,,1004.9,,,,,1140.85,,,,,12254.0,,
4,19-05-29 13:46:02,DY7704,JFK,LGW,2019-05-31,23:55,19:40 +1,14.0,45.0,885.0,1,D86054,Madrid,5h 10m,,,1689.7,,,,,1316.5,,,,,1451.54,,,,,16357.0,,
0,19-05-29 13:46:21,DI7014,JFK,LGW,2019-06-01,12:45,00:45 +1,7.0,0.0,420.0,0,,,,449.9,539.9,759.9,,,314.9,364.9,539.9,,,367.72,437.72,679.36,,,3974.0,4524.0,7328.0,,
1,19-05-29 13:46:21,DI7016,JFK,LGW,2019-06-01,23:00,11:00 +1,7.0,0.0,420.0,0,,,,,,,,1189.9,,,,,849.9,,,,,1063.27,,,,,11459.0
2,19-05-29 13:46:21,DY7002,JFK,LGW,2019-06-01,22:05,14:25 +1,11.0,20.0,680.0,1,D82805,Oslo,1h 40m,,,1255.5,,,,,846.0,,,,,960.75,,,,,10316.0,,
3,19-05-29 13:46:21,,JFK,LGW,2019-06-01,23:55,19:40 +1,14.0,45.0,885.0,1,,Madrid,5h 10m,0.0,0.0,0.0,0.0,0.0,0.0,0.0,0.0,0.0,0.0,0.0,0.0,0.0,0.0,0.0,0.0,0.0,0.0,0.0,0.0
4,19-05-29 13:46:21,,JFK,LGW,2019-06-01,23:55,21:30 +1,16.0,35.0,995.0,1,,Madrid,7h 0m,0.0,0.0,0.0,0.0,0.0,0.0,0.0,0.0,0.0,0.0,0.0,0.0,0.0,0.0,0.0,0.0,0.0,0.0,0.0,0.0
5,19-05-29 13:46:21,DY7002,JFK,LGW,2019-06-01,22:05,20:05 +1,17.0,0.0,1020.0,1,D82807,Oslo,7h 20m,,,1400.9,,,,,960.9,,,,,1091.0,,,,,11718.0,,
0,19-05-29 13:46:41,DI7014,JFK,LGW,2019-06-02,12:45,00:45 +1,7.0,0.0,420.0,0,,,,449.9,539.9,759.9,,979.9,314.9,364.9,539.9,,699.9,367.72,437.72,679.36,,875.8,3974.0,4524.0,7328.0,,9442.0
1,19-05-29 13:46:41,DI7018,JFK,LGW,2019-06-02,22:10,10:10 +1,7.0,0.0,420.0,0,,,,559.9,649.9,829.9,,979.9,394.9,444.9,589.9,,699.9,460.81,530.81,741.82,,875.8,4975.0,5525.0,8000.0,,9442.0
2,19-05-29 13:46:41,DI7016,JFK,LGW,2019-06-02,23:00,11:00 +1,7.0,0.0,420.0,0,,,,449.9,539.9,759.9,,979.9,314.9,364.9,539.9,,699.9,367.72,437.72,679.36,,875.8,3974.0,4524.0,7328.0,,9442.0
3,19-05-29 13:46:41,,JFK,LGW,2019-06-02,21:55,15:45 +1,12.0,50.0,770.0,1,,Stockholm,2h 35m,0.0,0.0,0.0,0.0,0.0,0.0,0.0,0.0,0.0,0.0,0.0,0.0,0.0,0.0,0.0,0.0,0.0,0.0,0.0,0.0
4,19-05-29 13:46:41,,JFK,LGW,2019-06-02,23:55,19:20 +1,14.0,25.0,865.0,1,,Madrid,4h 50m,0.0,0.0,0.0,0.0,0.0,0.0,0.0,0.0,0.0,0.0,0.0,0.0,0.0,0.0,0.0,0.0,0.0,0.0,0.0,0.0
5,19-05-29 13:46:41,DY7012,JFK,LGW,2019-06-02,22:05,18:25 +1,15.0,20.0,920.0,1,D82907,Copenhagen,5h 50m,,,,1246.6,1246.6,,,,1015.4,1015.4,,,,1152.81,1152.81,,,,12382.0,12382.0
6,19-05-29 13:46:41,DY7002,JFK,LGW,2019-06-02,23:30,20:05 +1,15.0,35.0,935.0,1,D82807,Oslo,5h 55m,972.5,1062.5,1055.9,1302.5,1385.9,638.7,688.7,704.7,893.0,959.0,725.88,795.88,800.61,1014.13,1088.86,7789.0,8339.0,8593.0,10891.0,11695.0
7,19-05-29 13:46:41,,JFK,LGW,2019-06-02,21:55,19:15 +1,16.0,20.0,980.0,1,,Stockholm,6h 5m,0.0,0.0,0.0,0.0,0.0,0.0,0.0,0.0,0.0,0.0,0.0,0.0,0.0,0.0,0.0,0.0,0.0,0.0,0.0,0.0
8,19-05-29 13:46:41,DY7012,JFK,LGW,2019-06-02,22:05,19:55 +1,16.0,50.0,1010.0,1,D82909,Copenhagen,7h 15m,,,,1208.6,1246.6,,,,985.4,1015.4,,,,1118.78,1152.81,,,,12016.0,12382.0
0,19-05-29 13:47:00,DI7016,JFK,BCN,2019-05-29,23:00,22:20 +1,17.0,20.0,1040.0,1,D85503,London,8h 20m,769.4,869.4,1129.4,934.4,1349.4,563.5,623.5,818.5,678.5,978.5,657.49,732.49,1004.03,808.45,1200.47,7052.0,7652.0,10782.0,8677.0,12896.0
1,19-05-29 13:47:00,DI7018,JFK,BCN,2019-05-29,22:25,22:20 +1,17.0,55.0,1075.0,1,D85503,London,8h 55m,769.4,869.4,1129.4,1349.4,1349.4,563.5,623.5,818.5,978.5,978.5,657.49,732.49,1004.03,1200.47,1200.47,7052.0,7652.0,10782.0,12896.0,12896.0
2,19-05-29 13:47:00,DY7012,JFK,BCN,2019-05-29,23:30,23:25 +1,17.0,55.0,1075.0,1,D85575,Copenhagen,7h 30m,1046.4,1146.4,1392.5,1136.4,1482.5,848.9,908.9,1122.5,922.5,1196.1,964.09,1039.09,1274.12,1047.53,1357.56,10351.0,10951.0,13688.0,11249.0,14586.0
0,19-05-29 13:47:20,,JFK,BCN,2019-05-30,22:10,14:20 +1,10.0,10.0,610.0,1,,London,1h 10m,0.0,0.0,0.0,0.0,0.0,0.0,0.0,0.0,0.0,0.0,0.0,0.0,0.0,0.0,0.0,0.0,0.0,0.0,0.0,0.0
1,19-05-29 13:47:20,,JFK,BCN,2019-05-30,22:05,16:00 +1,11.0,55.0,715.0,1,,Oslo,1h 15m,0.0,0.0,0.0,0.0,0.0,0.0,0.0,0.0,0.0,0.0,0.0,0.0,0.0,0.0,0.0,0.0,0.0,0.0,0.0,0.0
2,19-05-29 13:47:20,,JFK,BCN,2019-05-30,23:30,19:15 +1,13.0,45.0,825.0,1,,Stockholm,2h 40m,0.0,0.0,0.0,0.0,0.0,0.0,0.0,0.0,0.0,0.0,0.0,0.0,0.0,0.0,0.0,0.0,0.0,0.0,0.0,0.0
3,19-05-29 13:47:20,DI7016,JFK,BCN,2019-05-30,23:00,22:20 +1,17.0,20.0,1040.0,1,D85503,London,8h 20m,922.2,1022.2,1232.2,1452.2,1452.2,673.5,733.5,898.5,1058.5,1058.5,784.47,859.47,1096.11,1292.55,1292.55,8419.0,9019.0,11773.0,13887.0,13887.0
0,19-05-29 13:47:39,DY7006,JFK,BCN,2019-05-31,21:55,16:00 +1,12.0,5.0,725.0,1,D85551,Stockholm,1h 0m,,,,1058.7,1285.1,,,,648.9,827.9,,,,738.91,941.76,,,,7431.0,9431.0
1,19-05-29 13:47:39,DI7016,JFK,BCN,2019-05-31,23:00,22:20 +1,17.0,20.0,1040.0,1,D85503,London,8h 20m,638.1,738.1,1065.1,1118.1,1285.1,453.5,513.5,767.8,798.5,927.8,531.77,606.77,946.48,993.3,1142.92,5699.0,6299.0,10163.0,10666.0,12277.0
2,19-05-29 13:47:39,DY7012,JFK,BCN,2019-05-31,22:05,23:25 +1,19.0,20.0,1160.0,1,D85575,Copenhagen,8h 55m,1014.9,1114.9,1392.5,,,824.1,884.1,1122.5,,,935.91,1010.91,1274.12,,,10048.0,10648.0,13688.0,,
0,19-05-29 13:47:59,DI7014,JFK,BCN,2019-06-01,12:45,09:25 +1,14.0,40.0,880.0,1,D82432,London,5h 40m,588.1,688.1,1065.1,,,413.5,473.5,767.8,,,485.22,560.22,946.48,,,5198.0,5798.0,10163.0,,
1,19-05-29 13:47:59,DY7002,JFK,BCN,2019-06-01,22:05,23:20 +1,19.0,15.0,1155.0,1,D85523,Oslo,8h 35m,1039.8,1139.8,1239.9,,,675.5,735.5,833.6,,,767.52,842.52,946.77,,,8237.0,8837.0,10166.0,,
0,19-05-29 13:48:18,,JFK,BCN,2019-06-02,21:55,16:00 +1,12.0,5.0,725.0,1,,Stockholm,1h 0m,0.0,0.0,0.0,0.0,0.0,0.0,0.0,0.0,0.0,0.0,0.0,0.0,0.0,0.0,0.0,0.0,0.0,0.0,0.0,0.0
1,19-05-29 13:48:18,DI7014,JFK,BCN,2019-06-02,12:45,09:50 +1,15.0,5.0,905.0,1,D82432,London,6h 5m,562.4,662.4,1065.1,1092.4,1285.1,393.5,453.5,767.8,778.5,927.8,462.2,537.2,946.48,970.28,1142.92,4951.0,5551.0,10163.0,10419.0,12277.0
2,19-05-29 13:48:18,,JFK,BCN,2019-06-02,21:55,19:15 +1,15.0,20.0,920.0,1,,Stockholm,4h 15m,0.0,0.0,0.0,0.0,0.0,0.0,0.0,0.0,0.0,0.0,0.0,0.0,0.0,0.0,0.0,0.0,0.0,0.0,0.0,0.0
3,19-05-29 13:48:18,DI7016,JFK,BCN,2019-06-02,23:00,22:20 +1,17.0,20.0,1040.0,1,D85503,London,8h 20m,523.8,623.8,1065.1,1053.8,1285.1,362.8,422.8,767.8,747.8,927.8,427.67,502.67,946.48,935.75,1142.92,4579.0,5179.0,10163.0,10047.0,12277.0
4,19-05-29 13:48:18,,JFK,BCN,2019-06-02,22:05,23:25 +1,19.0,20.0,1160.0,1,,Copenhagen,8h 55m,0.0,0.0,0.0,0.0,0.0,0.0,0.0,0.0,0.0,0.0,0.0,0.0,0.0,0.0,0.0,0.0,0.0,0.0,0.0,0.0
